{
    "total_runtime": 94.56405901908875,
    "num_documents": 47,
    "input_load_time": 0,
    "workflows": {
        "create_base_text_units": {
            "overall": 0.09833216667175293
        },
        "create_final_documents": {
            "overall": 0.022487878799438477
        },
        "extract_graph": {
            "overall": 50.424354791641235
        },
        "finalize_graph": {
            "overall": 0.030064821243286133
        },
        "create_communities": {
            "overall": 0.04429292678833008
        },
        "create_final_text_units": {
            "overall": 0.025761127471923828
        },
        "create_community_reports": {
            "overall": 38.249576807022095
        },
        "generate_text_embeddings": {
            "overall": 5.616495132446289
        }
    }
}